Enrollment_ID,Semester,CGPA,Attendance_Pct,Books_Issued,Book_Genre_Preference,Fees_Status,Survey_Drop_Thought,Risk_Category
NITP-23-2000,2,7.16,73,4,Biography,Partial,No,no_risk
NITP-23-2001,2,2.1,2,0,None,Pending,Yes,no_risk
NITP-23-2002,7,8.89,97,14,Academic,Paid,No,no_risk
NITP-23-2003,7,5.59,77,2,Academic,Paid,No,no_risk
NITP-23-2004,8,7.83,92,8,Academic,Paid,No,no_risk
NITP-23-2005,4,6.78,68,4,None,Partial,Maybe,on_the_verge_of_drop
NITP-23-2006,4,9.79,89,9,Sci-Fi,Paid,No,no_risk
NITP-23-2007,4,8.52,89,12,Biography,Paid,No,no_risk
NITP-23-2008,3,6.73,72,6,Non-Fiction,Paid,Maybe,on_the_verge_of_drop
NITP-23-2009,1,6.91,65,2,Non-Fiction,Paid,No,no_risk
NITP-23-2010,6,7.15,75,4,Sci-Fi,Paid,No,no_risk
NITP-23-2011,3,8.66,82,12,Academic,Paid,No,no_risk
NITP-23-2012,3,9.36,91,11,Academic,Paid,No,no_risk
NITP-23-2013,5,2.51,41,1,None,Partial,Maybe,on_the_verge_of_drop
NITP-23-2014,3,9.31,98,13,Sci-Fi,Paid,No,no_risk
NITP-23-2015,8,3.64,11,1,Sci-Fi,Partial,Maybe,on_the_verge_of_drop
NITP-23-2016,6,8.96,80,12,Academic,Paid,No,no_risk
NITP-23-2017,7,6.6,74,3,Fiction,Paid,No,no_risk
NITP-23-2018,4,7.88,82,7,Fiction,Paid,No,no_risk
NITP-23-2019,6,9.45,84,13,Academic,Paid,No,no_risk
NITP-23-2020,8,9.68,86,12,Academic,Paid,No,no_risk
NITP-23-2021,5,4.04,16,2,Sci-Fi,Pending,Yes,critical
NITP-23-2022,3,4.63,20,0,Fiction,Pending,No,critical
NITP-23-2023,7,8.86,92,5,Non-Fiction,Paid,No,no_risk
NITP-23-2024,5,5.9,70,4,None,Paid,No,no_risk
NITP-23-2025,8,6.86,65,5,Non-Fiction,Partial,No,no_risk
NITP-23-2026,4,9.74,91,12,Fiction,Paid,No,no_risk
NITP-23-2027,6,0.23,20,0,None,Pending,Yes,critical
NITP-23-2028,5,7.71,89,13,Academic,Paid,No,critical
NITP-23-2029,5,4.66,54,2,None,Pending,Yes,critical
NITP-23-2030,5,4.72,24,1,None,Partial,Yes,critical
NITP-23-2031,1,6.3,79,3,Biography,Partial,No,no_risk
NITP-23-2032,3,3.73,5,2,Fiction,Partial,No,critical
NITP-23-2033,3,6.02,66,4,Non-Fiction,Paid,No,no_risk
NITP-23-2034,3,6.09,83,4,Academic,Partial,Maybe,on_the_verge_of_drop
NITP-23-2035,4,0.08,26,0,Sci-Fi,Partial,Maybe,on_the_verge_of_drop
NITP-23-2036,3,8.11,89,5,Biography,Paid,No,no_risk
NITP-23-2037,6,9.29,80,8,Fiction,Paid,No,no_risk
NITP-23-2038,3,4.71,7,0,Sci-Fi,Partial,Yes,no_risk
NITP-23-2039,7,6.35,77,2,Sci-Fi,Paid,No,no_risk
NITP-23-2040,5,7.47,72,4,None,Paid,Maybe,on_the_verge_of_drop
NITP-23-2041,7,1.77,44,0,Sci-Fi,Pending,Yes,critical
NITP-23-2042,8,8.43,97,10,Sci-Fi,Paid,No,no_risk
NITP-23-2043,6,7.94,92,13,Academic,Paid,No,no_risk
NITP-23-2044,7,8.47,96,13,Fiction,Paid,No,no_risk
NITP-23-2045,1,8.41,95,7,Academic,Paid,No,no_risk
NITP-23-2046,8,7.03,73,5,Non-Fiction,Paid,No,no_risk
NITP-23-2047,4,7.98,87,13,Biography,Paid,No,no_risk
NITP-23-2048,8,7.68,87,8,Academic,Paid,No,no_risk
NITP-23-2049,8,6.42,84,3,Biography,Partial,No,no_risk
NITP-23-2050,2,7.89,86,14,Academic,Paid,No,on_the_verge_of_drop
NITP-23-2051,7,6.61,78,5,None,Partial,No,no_risk
NITP-23-2052,1,6.62,78,4,Sci-Fi,Partial,No,no_risk
NITP-23-2053,2,7.83,89,11,Biography,Paid,No,no_risk
NITP-23-2054,5,8.41,97,10,Academic,Paid,No,critical
NITP-23-2055,5,0.14,59,2,None,Pending,Yes,critical
NITP-23-2056,5,9.89,89,6,Academic,Paid,No,no_risk
NITP-23-2057,2,5.71,83,2,None,Paid,Maybe,on_the_verge_of_drop
NITP-23-2058,6,7.76,89,5,Fiction,Paid,No,critical
NITP-23-2059,7,3.12,29,1,Fiction,Pending,Maybe,on_the_verge_of_drop
NITP-23-2060,6,8.22,80,8,Biography,Paid,No,no_risk
NITP-23-2061,6,7.99,87,14,Biography,Paid,No,no_risk
NITP-23-2062,5,6.19,65,6,None,Partial,Maybe,on_the_verge_of_drop
NITP-23-2063,1,9.6,85,9,Academic,Paid,No,no_risk
NITP-23-2064,3,7.67,98,14,Academic,Paid,No,no_risk
NITP-23-2065,4,2.57,57,1,Fiction,Partial,Yes,critical
NITP-23-2066,1,4.18,41,1,None,Pending,Yes,no_risk
NITP-23-2067,7,4.41,21,0,Sci-Fi,Pending,Yes,critical
NITP-23-2068,5,8.64,82,11,Academic,Paid,No,no_risk
NITP-23-2069,8,3.84,48,1,None,Pending,Yes,critical
NITP-23-2070,7,8.66,98,10,Academic,Paid,No,no_risk
NITP-23-2071,6,9.1,87,9,Academic,Paid,No,on_the_verge_of_drop
NITP-23-2072,1,1.75,41,2,Sci-Fi,Pending,Maybe,on_the_verge_of_drop
NITP-23-2073,1,6.14,69,5,Fiction,Paid,No,no_risk
NITP-23-2074,4,8.47,98,8,Non-Fiction,Paid,No,no_risk
NITP-23-2075,4,9.69,98,7,Sci-Fi,Paid,No,no_risk
NITP-23-2076,2,0.94,34,0,Fiction,Partial,Maybe,on_the_verge_of_drop
NITP-23-2077,4,1.63,39,1,Fiction,Partial,Yes,critical
NITP-23-2078,1,8.8,93,13,Academic,Paid,No,no_risk
NITP-23-2079,8,9.8,89,9,Academic,Paid,No,no_risk
NITP-23-2080,4,0.35,52,2,None,Pending,No,critical
NITP-23-2081,7,6.69,78,2,None,Paid,No,no_risk
NITP-23-2082,7,4.94,23,1,Sci-Fi,Pending,Yes,critical
NITP-23-2083,3,6.69,84,5,Sci-Fi,Paid,Maybe,on_the_verge_of_drop
NITP-23-2084,5,7.25,71,6,Academic,Paid,No,no_risk
NITP-23-2085,2,2.38,48,2,None,Pending,Maybe,on_the_verge_of_drop
NITP-23-2086,4,8.26,99,8,Academic,Paid,No,no_risk
NITP-23-2087,4,6.29,68,3,Academic,Paid,No,no_risk
NITP-23-2088,6,5.64,82,3,Non-Fiction,Paid,No,no_risk
NITP-23-2089,1,6.3,80,5,Non-Fiction,Paid,Maybe,critical
NITP-23-2090,7,8.63,96,5,Biography,Paid,No,no_risk
NITP-23-2091,4,7.34,65,7,Sci-Fi,Paid,No,no_risk
NITP-23-2092,7,9.22,98,12,Academic,Paid,No,no_risk
NITP-23-2093,7,7.13,80,6,Sci-Fi,Partial,No,no_risk
NITP-23-2094,8,0.27,49,0,Fiction,Partial,Yes,critical
NITP-23-2095,5,8.47,93,14,Academic,Paid,No,critical
NITP-23-2096,6,5.77,78,7,None,Partial,No,no_risk
NITP-23-2097,2,9.67,97,14,Sci-Fi,Paid,No,no_risk
NITP-23-2098,4,1.7,9,0,Sci-Fi,Pending,No,critical
NITP-23-2099,6,7.11,67,4,Biography,Paid,No,no_risk
NITP-23-2100,2,8.98,97,7,Academic,Paid,No,no_risk
NITP-23-2101,4,7.29,83,3,Sci-Fi,Partial,No,no_risk
NITP-23-2102,1,9.16,86,8,Academic,Paid,No,no_risk
NITP-23-2103,4,2.27,2,0,None,Pending,Maybe,critical
NITP-23-2104,6,9.8,83,10,Academic,Paid,No,no_risk
NITP-23-2105,3,9.97,97,11,Sci-Fi,Paid,No,no_risk
NITP-23-2106,1,6.92,82,5,Academic,Paid,No,no_risk
NITP-23-2107,4,7.6,80,9,Biography,Paid,No,no_risk
NITP-23-2108,7,6.49,76,5,Biography,Paid,Maybe,on_the_verge_of_drop
NITP-23-2109,8,8.17,84,11,Academic,Paid,No,no_risk
NITP-23-2110,8,7.17,78,7,Academic,Paid,No,no_risk
NITP-23-2111,5,3.74,1,0,None,Pending,Yes,critical
NITP-23-2112,6,6.1,69,6,None,Paid,Maybe,on_the_verge_of_drop
NITP-23-2113,1,8.52,80,5,Academic,Paid,No,critical
NITP-23-2114,5,9.71,95,13,Academic,Paid,No,no_risk
NITP-23-2115,8,8.03,98,13,Academic,Paid,No,no_risk
NITP-23-2116,3,6.86,67,4,Academic,Partial,No,no_risk
NITP-23-2117,4,6.72,79,2,Fiction,Paid,No,no_risk
NITP-23-2118,5,6.56,79,4,Academic,Partial,No,no_risk
NITP-23-2119,4,6.2,65,7,Non-Fiction,Partial,No,no_risk
NITP-23-2120,5,9.11,93,11,Academic,Paid,No,no_risk
NITP-23-2121,8,7.57,84,11,Academic,Paid,No,no_risk
NITP-23-2122,6,7.72,83,9,Academic,Paid,No,no_risk
NITP-23-2123,3,7.97,94,10,Academic,Paid,No,no_risk
NITP-23-2124,4,6.73,78,5,None,Paid,No,no_risk
NITP-23-2125,8,9.07,93,5,Academic,Paid,No,no_risk
NITP-23-2126,2,7.92,84,12,Academic,Paid,No,no_risk
NITP-23-2127,1,9.13,81,14,Academic,Paid,No,no_risk
NITP-23-2128,2,1.98,42,2,Sci-Fi,Pending,Maybe,on_the_verge_of_drop
NITP-23-2129,3,6.2,65,7,None,Paid,No,no_risk
NITP-23-2130,5,6.4,68,4,Sci-Fi,Paid,Maybe,on_the_verge_of_drop
NITP-23-2131,8,8.96,90,6,Academic,Paid,No,no_risk
NITP-23-2132,1,8.68,98,8,Academic,Paid,No,no_risk
NITP-23-2133,8,8.28,99,8,Academic,Paid,No,no_risk
NITP-23-2134,3,6.14,78,4,Biography,Paid,No,no_risk
NITP-23-2135,1,1.5,34,0,None,Pending,Maybe,on_the_verge_of_drop
NITP-23-2136,2,9.76,90,12,Academic,Paid,No,no_risk
NITP-23-2137,3,6.6,75,5,Fiction,Paid,No,no_risk
NITP-23-2138,4,9.25,84,10,Academic,Paid,No,no_risk
NITP-23-2139,3,9.63,86,11,Non-Fiction,Paid,No,no_risk
NITP-23-2140,1,9.39,94,9,Biography,Paid,No,no_risk
NITP-23-2141,3,6.4,72,2,Sci-Fi,Paid,No,no_risk
NITP-23-2142,6,5.83,73,2,Sci-Fi,Paid,No,no_risk
NITP-23-2143,2,4.28,27,2,None,Partial,Maybe,on_the_verge_of_drop
NITP-23-2144,4,7.33,67,6,Sci-Fi,Paid,Maybe,on_the_verge_of_drop
NITP-23-2145,4,6.11,70,5,Sci-Fi,Paid,No,no_risk
NITP-23-2146,6,8.28,86,11,Biography,Paid,No,critical
NITP-23-2147,7,0.47,58,1,None,Partial,Yes,critical
NITP-23-2148,8,8.92,96,8,Academic,Paid,No,no_risk
NITP-23-2149,1,2.43,64,2,None,Partial,Yes,critical
NITP-23-2150,6,8.75,86,14,Academic,Paid,No,no_risk
NITP-23-2151,2,8.19,92,6,Non-Fiction,Paid,No,no_risk
NITP-23-2152,4,7.69,94,10,Fiction,Paid,No,no_risk
NITP-23-2153,2,9.68,85,10,Academic,Paid,No,no_risk
NITP-23-2154,5,9.85,89,9,Sci-Fi,Paid,No,no_risk
NITP-23-2155,1,6.87,69,5,Biography,Paid,No,on_the_verge_of_drop
NITP-23-2156,2,9.81,94,6,Academic,Paid,No,no_risk
NITP-23-2157,2,9.53,87,12,Academic,Paid,No,no_risk
NITP-23-2158,1,7.04,74,4,Sci-Fi,Paid,No,no_risk
NITP-23-2159,6,8.11,90,5,Academic,Paid,No,no_risk
NITP-23-2160,2,7.18,73,6,Fiction,Paid,No,no_risk
NITP-23-2161,1,9.08,84,13,Academic,Paid,No,no_risk
NITP-23-2162,2,8.94,97,12,Academic,Paid,No,no_risk
NITP-23-2163,8,5.79,81,7,Fiction,Paid,No,critical
NITP-23-2164,2,7.26,69,3,Academic,Paid,No,no_risk
NITP-23-2165,4,1.51,14,2,Sci-Fi,Pending,Yes,critical
NITP-23-2166,1,1.99,51,2,None,Partial,Yes,critical
NITP-23-2167,4,5.95,76,3,None,Partial,No,no_risk
NITP-23-2168,1,0.02,22,1,None,Pending,No,critical
NITP-23-2169,8,9.62,97,8,Academic,Paid,No,no_risk
NITP-23-2170,1,9.72,99,5,Academic,Paid,No,no_risk
NITP-23-2171,3,6.38,76,3,Non-Fiction,Paid,No,no_risk
NITP-23-2172,5,8.32,80,14,Academic,Paid,No,no_risk
NITP-23-2173,4,6.36,82,6,None,Paid,No,on_the_verge_of_drop
NITP-23-2174,2,9.28,82,5,Academic,Paid,No,no_risk
NITP-23-2175,4,6.88,79,3,Biography,Paid,No,no_risk
NITP-23-2176,4,8.81,99,12,Academic,Paid,No,no_risk
NITP-23-2177,1,8.23,88,9,Fiction,Paid,No,no_risk
NITP-23-2178,4,5.69,73,6,Non-Fiction,Paid,Maybe,on_the_verge_of_drop
NITP-23-2179,8,8.28,83,10,Biography,Paid,No,no_risk
NITP-23-2180,3,9.01,85,11,Academic,Paid,No,no_risk
NITP-23-2181,6,6.25,70,5,Sci-Fi,Partial,No,critical
NITP-23-2182,6,6.49,78,5,Fiction,Paid,Maybe,on_the_verge_of_drop
NITP-23-2183,6,9.7,82,14,Academic,Paid,No,no_risk
NITP-23-2184,4,8.2,99,5,Non-Fiction,Paid,No,no_risk
NITP-23-2185,8,8.13,80,12,Academic,Paid,No,no_risk
NITP-23-2186,3,8.66,96,9,Non-Fiction,Paid,No,no_risk
NITP-23-2187,4,9.44,91,9,Biography,Paid,No,no_risk
NITP-23-2188,8,8.9,92,12,Fiction,Paid,No,no_risk
NITP-23-2189,7,8.89,99,14,Academic,Paid,No,no_risk
NITP-23-2190,4,7.88,85,5,Academic,Paid,No,no_risk
NITP-23-2191,5,5.86,74,6,Non-Fiction,Partial,No,no_risk
NITP-23-2192,5,7.32,73,5,Non-Fiction,Paid,No,no_risk
NITP-23-2193,1,6.65,66,3,Fiction,Paid,Maybe,on_the_verge_of_drop
NITP-23-2194,8,6.17,74,2,Biography,Paid,No,no_risk
NITP-23-2195,5,9.75,81,13,Academic,Paid,No,critical
NITP-23-2196,6,9.45,86,13,Non-Fiction,Paid,No,no_risk
NITP-23-2197,1,9.43,82,5,Fiction,Paid,No,no_risk
NITP-23-2198,4,3.27,0,2,Fiction,Pending,Yes,critical
NITP-23-2199,6,9.93,80,5,Academic,Paid,No,no_risk
NITP-23-2200,4,9.2,89,10,Non-Fiction,Paid,No,no_risk
NITP-23-2201,5,6.81,76,4,Biography,Paid,Maybe,on_the_verge_of_drop
NITP-23-2202,4,2.86,52,0,Fiction,Partial,Yes,critical
NITP-23-2203,4,7.51,83,14,Academic,Paid,No,no_risk
NITP-23-2204,2,9.99,82,13,Sci-Fi,Paid,No,no_risk
NITP-23-2205,6,8.68,92,10,Biography,Paid,No,no_risk
NITP-23-2206,5,5.8,69,2,Biography,Partial,No,no_risk
NITP-23-2207,1,1.75,45,2,Sci-Fi,Pending,Yes,critical
NITP-23-2208,1,8.02,83,14,Non-Fiction,Paid,No,on_the_verge_of_drop
NITP-23-2209,5,9.1,86,8,Academic,Paid,No,no_risk
NITP-23-2210,3,7.81,97,5,Academic,Paid,No,no_risk
NITP-23-2211,7,8.11,96,9,Non-Fiction,Paid,No,no_risk
NITP-23-2212,2,6.81,71,7,Biography,Paid,No,no_risk
NITP-23-2213,3,9.0,97,5,Biography,Paid,No,no_risk
NITP-23-2214,8,8.29,80,9,Academic,Paid,No,no_risk
NITP-23-2215,5,0.3,47,2,Fiction,Partial,No,on_the_verge_of_drop
NITP-23-2216,3,7.3,81,2,Academic,Paid,No,no_risk
NITP-23-2217,3,8.16,89,12,Academic,Paid,No,no_risk
NITP-23-2218,6,9.14,91,5,Academic,Paid,No,no_risk
NITP-23-2219,2,6.2,77,5,Academic,Partial,No,no_risk
NITP-23-2220,1,7.76,80,5,Sci-Fi,Paid,No,no_risk
NITP-23-2221,7,8.16,85,9,Fiction,Paid,No,no_risk
NITP-23-2222,7,0.62,43,1,Fiction,Partial,Maybe,on_the_verge_of_drop
NITP-23-2223,3,6.21,83,5,Biography,Partial,No,no_risk
NITP-23-2224,2,3.43,35,1,Sci-Fi,Partial,Maybe,on_the_verge_of_drop
NITP-23-2225,8,6.37,72,6,Sci-Fi,Paid,No,no_risk
NITP-23-2226,6,6.22,82,3,Academic,Paid,No,no_risk
NITP-23-2227,8,7.26,76,7,Academic,Paid,No,no_risk
NITP-23-2228,6,6.65,71,6,Sci-Fi,Paid,No,no_risk
NITP-23-2229,5,2.09,49,0,Sci-Fi,Pending,Yes,critical
NITP-23-2230,8,2.29,25,2,Sci-Fi,Pending,Yes,critical
NITP-23-2231,1,9.25,87,6,Fiction,Paid,No,critical
NITP-23-2232,4,9.55,99,7,Academic,Paid,No,no_risk
NITP-23-2233,1,8.6,91,14,Sci-Fi,Paid,No,critical
NITP-23-2234,3,3.43,50,2,Fiction,Pending,Yes,critical
NITP-23-2235,2,6.2,78,3,Biography,Paid,No,no_risk
NITP-23-2236,4,3.11,3,1,Fiction,Partial,No,critical
NITP-23-2237,5,8.71,90,11,Academic,Paid,No,no_risk
NITP-23-2238,2,6.32,73,4,Non-Fiction,Paid,No,no_risk
NITP-23-2239,2,0.52,40,0,None,Pending,No,critical
NITP-23-2240,2,9.78,85,12,Academic,Paid,No,no_risk
NITP-23-2241,2,7.76,83,5,Academic,Paid,No,no_risk
NITP-23-2242,8,8.05,89,11,Academic,Paid,No,on_the_verge_of_drop
NITP-23-2243,8,1.9,57,0,Fiction,Pending,Yes,critical
NITP-23-2244,2,6.24,70,2,None,Partial,Maybe,on_the_verge_of_drop
NITP-23-2245,8,5.39,14,0,None,Partial,Yes,critical
NITP-23-2246,3,4.29,41,2,Sci-Fi,Pending,Yes,critical
NITP-23-2247,8,2.66,18,2,Fiction,Partial,Yes,critical
NITP-23-2248,6,8.34,94,5,Academic,Paid,No,no_risk
NITP-23-2249,2,8.38,91,5,Academic,Paid,No,no_risk
NITP-23-2250,8,6.9,82,7,Academic,Paid,No,no_risk
NITP-23-2251,7,7.52,85,13,Academic,Paid,No,no_risk
NITP-23-2252,5,6.41,68,2,Biography,Paid,No,no_risk
NITP-23-2253,4,2.78,0,1,None,Pending,Maybe,on_the_verge_of_drop
NITP-23-2254,4,6.73,79,6,Non-Fiction,Partial,No,no_risk
NITP-23-2255,2,7.05,72,2,Biography,Paid,Maybe,on_the_verge_of_drop
NITP-23-2256,8,8.73,89,7,Academic,Paid,No,no_risk
NITP-23-2257,2,0.22,58,2,Fiction,Pending,Yes,critical
NITP-23-2258,8,7.77,84,13,Academic,Paid,No,no_risk
NITP-23-2259,6,8.8,91,5,Biography,Paid,No,no_risk
NITP-23-2260,5,8.6,96,5,Academic,Paid,No,no_risk
NITP-23-2261,1,6.86,81,2,Fiction,Paid,No,no_risk
NITP-23-2262,7,3.41,16,0,Fiction,Partial,Yes,critical
NITP-23-2263,5,9.9,81,7,Academic,Paid,No,no_risk
NITP-23-2264,5,6.34,84,4,Biography,Paid,No,no_risk
NITP-23-2265,7,8.17,93,5,Academic,Paid,No,no_risk
NITP-23-2266,5,9.85,90,8,Academic,Paid,No,no_risk
NITP-23-2267,1,9.74,97,8,Fiction,Paid,No,no_risk
NITP-23-2268,8,9.11,99,8,Fiction,Paid,No,no_risk
NITP-23-2269,4,8.41,87,12,Sci-Fi,Paid,No,no_risk
NITP-23-2270,2,0.13,45,1,None,Pending,No,on_the_verge_of_drop
NITP-23-2271,1,3.56,64,0,Sci-Fi,Partial,No,critical
NITP-23-2272,2,9.59,97,9,Academic,Paid,No,no_risk
NITP-23-2273,4,7.2,79,7,Sci-Fi,Partial,No,no_risk
NITP-23-2274,2,7.46,76,5,Fiction,Paid,No,no_risk
NITP-23-2275,7,8.16,96,12,Non-Fiction,Paid,No,no_risk
NITP-23-2276,5,5.61,77,5,None,Paid,No,no_risk
NITP-23-2277,7,8.09,98,13,Non-Fiction,Paid,No,no_risk
NITP-23-2278,8,8.14,91,9,Academic,Paid,No,no_risk
NITP-23-2279,3,7.82,93,6,Academic,Paid,No,no_risk
NITP-23-2280,5,8.26,82,7,Sci-Fi,Paid,No,no_risk
NITP-23-2281,7,5.91,74,4,Biography,Paid,Maybe,on_the_verge_of_drop
NITP-23-2282,7,6.52,83,2,Academic,Paid,No,no_risk
NITP-23-2283,3,7.01,71,3,Biography,Paid,No,no_risk
NITP-23-2284,6,7.71,92,6,Biography,Paid,No,no_risk
NITP-23-2285,3,0.11,30,0,Sci-Fi,Pending,Yes,critical
NITP-23-2286,2,9.16,82,8,Non-Fiction,Paid,No,no_risk
NITP-23-2287,6,2.32,12,0,Sci-Fi,Pending,Yes,critical
NITP-23-2288,8,6.01,69,2,Biography,Partial,Maybe,on_the_verge_of_drop
NITP-23-2289,5,9.43,82,14,Biography,Paid,No,no_risk
NITP-23-2290,4,8.87,96,5,Fiction,Paid,No,no_risk
NITP-23-2291,3,8.81,92,13,Fiction,Paid,No,no_risk
NITP-23-2292,4,6.82,81,6,None,Paid,No,critical
NITP-23-2293,6,6.08,72,2,None,Partial,No,no_risk
NITP-23-2294,1,1.39,58,2,Fiction,Pending,Maybe,on_the_verge_of_drop
NITP-23-2295,4,9.88,80,5,Academic,Paid,No,no_risk
NITP-23-2296,8,7.97,83,5,Biography,Paid,No,no_risk
NITP-23-2297,3,6.03,81,6,None,Partial,Maybe,on_the_verge_of_drop
NITP-23-2298,2,8.7,95,7,Academic,Paid,No,no_risk
NITP-23-2299,8,2.86,15,1,None,Pending,Yes,critical
NITP-23-2300,5,4.96,33,2,None,Pending,Maybe,on_the_verge_of_drop
NITP-23-2301,5,7.54,80,7,Academic,Paid,No,no_risk
NITP-23-2302,5,7.63,81,5,Fiction,Paid,No,no_risk
NITP-23-2303,8,8.03,95,10,Academic,Paid,No,no_risk
NITP-23-2304,1,7.52,85,9,Academic,Paid,No,critical
NITP-23-2305,8,8.43,86,11,Academic,Paid,No,no_risk
NITP-23-2306,6,6.64,75,4,Non-Fiction,Partial,Maybe,on_the_verge_of_drop
NITP-23-2307,8,8.91,98,5,Academic,Paid,No,no_risk
NITP-23-2308,6,5.58,71,2,Non-Fiction,Partial,No,no_risk
NITP-23-2309,5,8.98,95,6,Non-Fiction,Paid,No,no_risk
NITP-23-2310,3,5.52,81,3,None,Paid,No,no_risk
NITP-23-2311,1,3.52,2,2,None,Pending,Maybe,no_risk
NITP-23-2312,8,8.06,96,8,Non-Fiction,Paid,No,critical
NITP-23-2313,1,6.25,69,5,None,Partial,No,no_risk
NITP-23-2314,3,7.4,73,2,Fiction,Paid,No,critical
NITP-23-2315,5,6.53,73,5,Non-Fiction,Paid,Maybe,on_the_verge_of_drop
NITP-23-2316,4,6.84,79,4,Academic,Paid,No,no_risk
NITP-23-2317,1,1.0,31,0,None,Pending,No,critical
NITP-23-2318,3,4.66,7,1,None,Pending,No,critical
NITP-23-2319,5,9.88,91,7,Academic,Paid,No,no_risk
NITP-23-2320,5,5.8,66,6,None,Paid,No,no_risk
NITP-23-2321,4,6.93,76,2,Non-Fiction,Partial,No,no_risk
NITP-23-2322,1,4.92,36,1,None,Partial,Maybe,on_the_verge_of_drop
NITP-23-2323,2,9.72,82,14,Non-Fiction,Paid,No,no_risk
NITP-23-2324,5,8.13,96,7,Sci-Fi,Paid,No,no_risk
NITP-23-2325,5,8.05,99,7,Academic,Paid,No,no_risk
NITP-23-2326,7,5.59,71,5,None,Partial,No,no_risk
NITP-23-2327,1,9.57,90,14,Non-Fiction,Paid,No,no_risk
NITP-23-2328,5,8.33,87,10,Academic,Paid,No,no_risk
NITP-23-2329,1,6.71,69,6,Fiction,Paid,No,no_risk
NITP-23-2330,1,9.68,87,9,Non-Fiction,Paid,No,no_risk
NITP-23-2331,7,5.58,80,7,None,Paid,Maybe,on_the_verge_of_drop
NITP-23-2332,2,2.32,22,0,None,Pending,No,critical
NITP-23-2333,6,4.48,38,2,None,Pending,Yes,critical
NITP-23-2334,2,8.41,97,9,Non-Fiction,Paid,No,no_risk
NITP-23-2335,3,8.77,89,8,Non-Fiction,Paid,No,no_risk
NITP-23-2336,5,7.66,90,14,Academic,Paid,No,no_risk
NITP-23-2337,7,9.23,84,6,Biography,Paid,No,no_risk
NITP-23-2338,7,6.8,71,3,None,Paid,No,no_risk
NITP-23-2339,4,8.67,84,9,Academic,Paid,No,no_risk
NITP-23-2340,5,6.36,68,2,Biography,Partial,No,no_risk
NITP-23-2341,6,6.63,70,5,Sci-Fi,Paid,No,no_risk
NITP-23-2342,8,9.92,82,5,Sci-Fi,Paid,No,critical
NITP-23-2343,4,7.92,81,14,Academic,Paid,No,no_risk
NITP-23-2344,4,0.0,60,2,Fiction,Pending,No,critical
NITP-23-2345,3,7.04,82,6,Academic,Paid,No,no_risk
NITP-23-2346,3,6.06,72,7,Non-Fiction,Partial,No,no_risk
NITP-23-2347,1,8.43,80,11,Academic,Paid,No,no_risk
NITP-23-2348,7,6.27,70,6,None,Partial,No,no_risk
NITP-23-2349,2,8.54,85,6,Academic,Paid,No,no_risk
NITP-23-2350,4,5.94,78,2,Biography,Partial,No,no_risk
NITP-23-2351,7,0.99,40,0,Sci-Fi,Partial,Maybe,on_the_verge_of_drop
NITP-23-2352,3,2.6,7,1,Fiction,Partial,Maybe,on_the_verge_of_drop
NITP-23-2353,6,6.57,72,7,Fiction,Partial,No,no_risk
NITP-23-2354,5,3.63,54,0,Fiction,Pending,No,critical
NITP-23-2355,5,8.85,96,9,Academic,Paid,No,on_the_verge_of_drop
NITP-23-2356,7,9.52,93,6,Academic,Paid,No,no_risk
NITP-23-2357,2,0.87,53,1,Sci-Fi,Partial,Maybe,on_the_verge_of_drop
NITP-23-2358,8,8.02,97,11,Academic,Paid,No,no_risk
NITP-23-2359,6,6.19,83,4,Fiction,Paid,Maybe,on_the_verge_of_drop
NITP-23-2360,5,9.9,93,7,Academic,Paid,No,no_risk
NITP-23-2361,1,8.4,83,5,Non-Fiction,Paid,No,no_risk
NITP-23-2362,7,9.25,88,10,Academic,Paid,No,no_risk
NITP-23-2363,3,9.19,89,5,Academic,Paid,No,no_risk
NITP-23-2364,4,0.74,22,2,None,Pending,Yes,critical
NITP-23-2365,3,6.58,78,7,Academic,Partial,No,no_risk
NITP-23-2366,2,1.34,53,0,None,Pending,Yes,critical
NITP-23-2367,6,9.9,85,14,Academic,Paid,No,no_risk
NITP-23-2368,1,8.09,91,7,Academic,Paid,No,no_risk
NITP-23-2369,8,9.58,83,10,Academic,Paid,No,no_risk
NITP-23-2370,1,6.32,67,5,Biography,Paid,Maybe,on_the_verge_of_drop
NITP-23-2371,6,3.77,7,1,None,Pending,Yes,critical
NITP-23-2372,6,6.89,77,6,Non-Fiction,Partial,No,no_risk
NITP-23-2373,6,6.72,78,4,Sci-Fi,Paid,Maybe,on_the_verge_of_drop
NITP-23-2374,8,9.14,80,10,Fiction,Paid,No,no_risk
NITP-23-2375,7,9.3,81,12,Academic,Paid,No,no_risk
NITP-23-2376,3,7.52,98,9,Academic,Paid,No,no_risk
NITP-23-2377,2,6.99,84,3,Non-Fiction,Paid,Maybe,on_the_verge_of_drop
NITP-23-2378,7,5.73,81,5,Sci-Fi,Paid,No,no_risk
NITP-23-2379,7,7.18,67,2,Sci-Fi,Paid,No,no_risk
NITP-23-2380,6,7.92,88,6,Academic,Paid,No,no_risk
NITP-23-2381,7,5.86,71,5,Academic,Paid,Maybe,critical
NITP-23-2382,5,7.91,91,9,Fiction,Paid,No,no_risk
NITP-23-2383,3,9.65,90,8,Biography,Paid,No,no_risk
NITP-23-2384,7,8.93,95,5,Academic,Paid,No,no_risk
NITP-23-2385,5,9.26,85,10,Fiction,Paid,No,no_risk
NITP-23-2386,7,9.53,84,7,Academic,Paid,No,no_risk
NITP-23-2387,7,7.57,84,10,Non-Fiction,Paid,No,no_risk
NITP-23-2388,1,8.42,82,7,Academic,Paid,No,no_risk
NITP-23-2389,1,6.82,65,2,Academic,Paid,No,no_risk
NITP-23-2390,4,8.52,90,5,Academic,Paid,No,no_risk
NITP-23-2391,4,5.26,46,0,Sci-Fi,Partial,Yes,critical
NITP-23-2392,3,6.87,81,7,Non-Fiction,Paid,No,no_risk
NITP-23-2393,6,7.57,97,5,Academic,Paid,No,no_risk
NITP-23-2394,6,6.39,84,6,Sci-Fi,Partial,No,no_risk
NITP-23-2395,6,7.7,90,13,Academic,Paid,No,no_risk
NITP-23-2396,3,8.85,94,9,Academic,Paid,No,no_risk
NITP-23-2397,8,6.13,83,5,Fiction,Paid,Maybe,on_the_verge_of_drop
NITP-23-2398,6,9.51,80,12,Fiction,Paid,No,no_risk
NITP-23-2399,1,8.71,90,10,Academic,Paid,No,no_risk
NITP-23-2400,5,6.09,71,7,Biography,Partial,Maybe,on_the_verge_of_drop
NITP-23-2401,2,0.61,38,1,Sci-Fi,Pending,Yes,critical
NITP-23-2402,5,7.47,83,6,None,Paid,No,no_risk
NITP-23-2403,7,8.69,98,13,Academic,Paid,No,no_risk
NITP-23-2404,3,8.02,88,6,Non-Fiction,Paid,No,no_risk
NITP-23-2405,6,7.02,67,6,Fiction,Paid,No,on_the_verge_of_drop
NITP-23-2406,7,5.95,81,2,Fiction,Paid,No,no_risk
NITP-23-2407,6,6.57,75,7,Sci-Fi,Partial,No,no_risk
NITP-23-2408,4,6.81,81,7,None,Paid,No,no_risk
NITP-23-2409,8,9.71,82,11,Academic,Paid,No,no_risk
NITP-23-2410,3,9.9,92,5,Academic,Paid,No,no_risk
NITP-23-2411,7,2.07,25,1,Fiction,Partial,No,critical
NITP-23-2412,6,7.35,70,3,None,Paid,No,no_risk
NITP-23-2413,4,7.51,90,10,Academic,Paid,No,no_risk
NITP-23-2414,7,7.45,82,7,Academic,Paid,No,no_risk
NITP-23-2415,3,9.6,94,9,Non-Fiction,Paid,No,no_risk
NITP-23-2416,4,1.79,32,2,None,Pending,No,no_risk
NITP-23-2417,5,7.85,95,6,Academic,Paid,No,no_risk
NITP-23-2418,1,3.62,35,0,None,Pending,Yes,critical
NITP-23-2419,5,2.0,22,0,None,Partial,Yes,critical
NITP-23-2420,8,6.96,70,4,None,Paid,No,no_risk
NITP-23-2421,7,7.16,80,6,Academic,Paid,No,no_risk
NITP-23-2422,4,9.53,85,9,Academic,Paid,No,no_risk
NITP-23-2423,4,9.15,98,9,Sci-Fi,Paid,No,no_risk
NITP-23-2424,7,9.47,86,12,Biography,Paid,No,no_risk
NITP-23-2425,1,9.98,84,8,Sci-Fi,Paid,No,no_risk
NITP-23-2426,5,6.48,73,6,Fiction,Paid,No,no_risk
NITP-23-2427,7,8.32,87,8,Academic,Paid,No,no_risk
NITP-23-2428,3,7.84,80,12,Fiction,Paid,No,no_risk
NITP-23-2429,4,7.87,98,9,Fiction,Paid,No,no_risk
NITP-23-2430,5,8.61,82,5,Academic,Paid,No,no_risk
NITP-23-2431,4,9.59,85,10,Biography,Paid,No,no_risk
NITP-23-2432,4,6.55,75,2,Non-Fiction,Paid,No,no_risk
NITP-23-2433,6,6.35,83,3,Non-Fiction,Paid,No,no_risk
NITP-23-2434,7,9.83,95,12,Non-Fiction,Paid,No,no_risk
NITP-23-2435,6,9.3,99,7,Academic,Paid,No,no_risk
NITP-23-2436,4,6.34,69,2,None,Paid,No,no_risk
NITP-23-2437,5,9.57,95,5,Fiction,Paid,No,no_risk
NITP-23-2438,7,9.59,82,6,Academic,Paid,No,no_risk
NITP-23-2439,4,6.73,84,2,Biography,Paid,No,no_risk
NITP-23-2440,8,7.69,92,6,Academic,Paid,No,no_risk
NITP-23-2441,3,5.85,80,4,Biography,Paid,Maybe,on_the_verge_of_drop
NITP-23-2442,1,6.91,73,7,None,Partial,No,no_risk
NITP-23-2443,3,7.56,99,5,Academic,Paid,No,no_risk
NITP-23-2444,4,6.79,81,5,Sci-Fi,Paid,No,no_risk
NITP-23-2445,8,8.74,88,14,Academic,Paid,No,no_risk
NITP-23-2446,3,4.48,43,1,Fiction,Pending,Yes,critical
NITP-23-2447,8,3.5,22,2,None,Pending,Maybe,no_risk
NITP-23-2448,3,9.62,86,5,Biography,Paid,No,no_risk
NITP-23-2449,1,9.23,99,8,Academic,Paid,No,no_risk
NITP-23-2450,2,7.0,83,2,Biography,Partial,Maybe,critical
NITP-23-2451,4,9.78,84,10,Fiction,Paid,No,no_risk
NITP-23-2452,1,5.11,2,1,None,Pending,Maybe,on_the_verge_of_drop
NITP-23-2453,3,1.72,56,1,Fiction,Pending,Yes,no_risk
NITP-23-2454,7,0.46,52,1,Sci-Fi,Pending,Maybe,on_the_verge_of_drop
NITP-23-2455,1,5.18,26,1,None,Pending,Maybe,on_the_verge_of_drop
NITP-23-2456,3,8.5,80,13,Biography,Paid,No,no_risk
NITP-23-2457,3,7.29,80,5,Non-Fiction,Paid,No,no_risk
NITP-23-2458,1,8.0,89,9,Academic,Paid,No,no_risk
NITP-23-2459,7,6.28,66,5,Academic,Partial,No,no_risk
NITP-23-2460,5,3.87,47,1,Sci-Fi,Partial,Yes,critical
NITP-23-2461,1,5.87,79,7,Fiction,Paid,No,no_risk
NITP-23-2462,1,7.72,92,13,Biography,Paid,No,no_risk
NITP-23-2463,1,5.54,67,2,Non-Fiction,Paid,No,no_risk
NITP-23-2464,2,8.05,83,9,Academic,Paid,No,no_risk
NITP-23-2465,2,9.58,92,5,Academic,Paid,No,no_risk
NITP-23-2466,7,8.49,90,11,Biography,Paid,No,no_risk
NITP-23-2467,8,7.31,76,6,None,Paid,No,no_risk
NITP-23-2468,4,7.2,66,4,Academic,Partial,No,no_risk
NITP-23-2469,7,9.26,89,13,Academic,Paid,No,no_risk
NITP-23-2470,6,1.37,34,0,Fiction,Partial,Yes,critical
NITP-23-2471,1,8.36,90,9,Fiction,Paid,No,no_risk
NITP-23-2472,5,2.46,42,0,Sci-Fi,Partial,Yes,critical
NITP-23-2473,8,7.79,84,10,Non-Fiction,Paid,No,no_risk
NITP-23-2474,8,6.28,65,5,Biography,Partial,No,critical
NITP-23-2475,2,7.82,98,14,Biography,Paid,No,no_risk
NITP-23-2476,6,6.11,81,3,None,Paid,Maybe,on_the_verge_of_drop
NITP-23-2477,8,2.2,21,1,Sci-Fi,Pending,Yes,critical
NITP-23-2478,7,9.34,94,11,Academic,Paid,No,no_risk
NITP-23-2479,4,7.22,82,2,Non-Fiction,Paid,No,no_risk
NITP-23-2480,2,8.73,97,6,Academic,Paid,No,no_risk
NITP-23-2481,4,7.0,81,6,Non-Fiction,Paid,No,on_the_verge_of_drop
NITP-23-2482,4,6.03,77,5,Academic,Paid,No,no_risk
NITP-23-2483,7,9.75,89,11,Biography,Paid,No,no_risk
NITP-23-2484,7,0.2,50,1,Sci-Fi,Pending,Yes,critical
NITP-23-2485,6,5.84,68,6,Academic,Paid,No,no_risk
NITP-23-2486,6,1.08,45,0,Sci-Fi,Partial,Maybe,on_the_verge_of_drop
NITP-23-2487,6,8.8,86,11,Academic,Paid,No,no_risk
NITP-23-2488,2,9.92,83,8,Non-Fiction,Paid,No,no_risk
NITP-23-2489,7,1.44,44,2,None,Partial,No,critical
NITP-23-2490,1,7.18,78,5,None,Paid,No,no_risk
NITP-23-2491,6,6.75,68,4,Sci-Fi,Paid,No,no_risk
NITP-23-2492,2,8.77,98,12,Biography,Paid,No,no_risk
NITP-23-2493,3,8.45,91,12,Fiction,Paid,No,no_risk
NITP-23-2494,6,6.61,66,5,Sci-Fi,Paid,Maybe,on_the_verge_of_drop
NITP-23-2495,6,5.62,76,7,Sci-Fi,Paid,No,no_risk
NITP-23-2496,4,5.77,75,4,Academic,Paid,No,no_risk
NITP-23-2497,3,5.7,78,6,Sci-Fi,Paid,No,no_risk
NITP-23-2498,4,4.16,4,0,None,Partial,Yes,critical
NITP-23-2499,2,9.76,92,9,Academic,Paid,No,no_risk
NITP-23-2500,8,6.86,82,6,Fiction,Paid,No,no_risk
